{
	"class_name" : "PinholeCameraParameters",
	"extrinsic" : 
	[
		0.20525870004841851,
		0.13853988324077063,
		-0.96885270645545862,
		0.0,
		-0.97344256197407053,
		-0.073646357803950568,
		-0.21676206429993805,
		0.0,
		-0.10138266415808643,
		0.98761476028553064,
		0.11974406321134477,
		0.0,
		-10.815604214165461,
		222.95701461844845,
		2982.9282402204058,
		1.0
	],
	"intrinsic" : 
	{
		"height" : 1055,
		"intrinsic_matrix" : 
		[
			913.65680099258282,
			0.0,
			0.0,
			0.0,
			913.65680099258282,
			0.0,
			959.5,
			527.0,
			1.0
		],
		"width" : 1920
	},
	"version_major" : 1,
	"version_minor" : 0
}